{"name":"","nodes":[{"id":"cicd_root","label":"DevSecOps Pipeline","layer":"main_01","is_partition":true,"belongs_to":"","weight":1,"comment":"Root Pipeline Container"},{"id":"source_stage","label":"Source Control","layer":"main_02","is_partition":true,"belongs_to":"cicd_root","weight":1,"comment":"Code Management"},{"id":"git_repo","label":"Git Repository","layer":"main_03","is_partition":false,"belongs_to":"source_stage","weight":1,"comment":"Version control, branch protection"},{"id":"build_stage","label":"Build & Package","layer":"main_02","is_partition":true,"belongs_to":"cicd_root","weight":1,"comment":"Artifact creation"},{"id":"docker_build","label":"Docker Build","layer":"main_03","is_partition":false,"belongs_to":"build_stage","weight":1,"comment":"Builds ARM64 images for AgentCore"},{"id":"sam_build","label":"SAM Build","layer":"main_03","is_partition":false,"belongs_to":"build_stage","weight":1,"comment":"Builds Lambda artifacts"},{"id":"test_stage","label":"Testing & Security","layer":"main_02","is_partition":true,"belongs_to":"cicd_root","weight":1,"comment":"Validation"},{"id":"unit_tests","label":"PyTest Unit","layer":"main_03","is_partition":false,"belongs_to":"test_stage","weight":1,"comment":"Tests hooks and logic"},{"id":"security_scan","label":"LLM Guard","layer":"warning","is_partition":false,"belongs_to":"test_stage","weight":1,"comment":"Scans prompts/inputs"},{"id":"deploy_stage","label":"Deployment","layer":"main_02","is_partition":true,"belongs_to":"cicd_root","weight":1,"comment":"Release"},{"id":"sam_deploy","label":"SAM Deploy","layer":"main_03","is_partition":false,"belongs_to":"deploy_stage","weight":1,"comment":"Updates CloudFormation stack"},{"id":"config_mgmt","label":"Config Mgmt","layer":"main_03","is_partition":false,"belongs_to":"deploy_stage","weight":1,"comment":"Sets Env Vars (ENABLE_OBSERVABILITY)"}],"edges":[{"id":"flow_01","source":"git_repo","target":"docker_build","label":"Trigger","layer":"neutral_border","weight":1,"comment":"Commit triggers build"},{"id":"flow_02","source":"docker_build","target":"unit_tests","label":"Validates","layer":"neutral_border","weight":1,"comment":"Runs tests on image"},{"id":"flow_03","source":"unit_tests","target":"security_scan","label":"Checks","layer":"neutral_border","weight":1,"comment":"Security analysis"},{"id":"flow_04","source":"security_scan","target":"sam_build","label":"Approves","layer":"neutral_border","weight":1,"comment":"Gate check"},{"id":"flow_05","source":"sam_build","target":"sam_deploy","label":"Deploys","layer":"neutral_border","weight":1,"comment":"Updates infrastructure"},{"id":"flow_06","source":"sam_deploy","target":"config_mgmt","label":"Configures","layer":"neutral_border","weight":1,"comment":"Sets Runtime Env Vars"}],"layers":[],"annotations":null}