{"name":"","nodes":[{"id":"data_root","label":"Sample Data Assets","layer":"main_01","is_partition":true,"belongs_to":"","weight":1,"comment":"Root Data Container"},{"id":"pii_group","label":"Sensitive PII","layer":"warning","is_partition":true,"belongs_to":"data_root","weight":1,"comment":"High sensitivity data group"},{"id":"med_docs","label":"Medical Documents","layer":"information","is_partition":false,"belongs_to":"pii_group","weight":1,"comment":"Unstructured PDF/Images, highly confidential"},{"id":"member_details","label":"Member PII","layer":"information","is_partition":false,"belongs_to":"pii_group","weight":1,"comment":"Name, Address, DOB (Redacted in logs)"},{"id":"ops_data","label":"Operational Data","layer":"main_02","is_partition":true,"belongs_to":"data_root","weight":1,"comment":"Internal operational data"},{"id":"cost_metrics","label":"Cost & Tokens","layer":"information","is_partition":false,"belongs_to":"ops_data","weight":1,"comment":"USD spend, token counts"},{"id":"logs_reasoning","label":"Reasoning Logs","layer":"information","is_partition":false,"belongs_to":"ops_data","weight":1,"comment":"Chain of Thought, decisions, tool inputs"},{"id":"case_meta","label":"Case Metadata","layer":"information","is_partition":false,"belongs_to":"ops_data","weight":1,"comment":"Case ID, Policy ID, Timestamps"},{"id":"policy_rules","label":"Policy Rules","layer":"information","is_partition":false,"belongs_to":"ops_data","weight":1,"comment":"Coverage definitions and exclusions"},{"id":"audit_trail","label":"Audit Trail","layer":"main_03","is_partition":false,"belongs_to":"data_root","weight":1,"comment":"Immutable record of decisions"}],"edges":[],"layers":[],"annotations":null}
