{"name":"","nodes":[],"edges":[{"id":"edge_01","source":"lambda_api","target":"strands_sdk","label":"Invokes","layer":"neutral_border","weight":1,"comment":"Passes prompt and context"},{"id":"edge_02","source":"strands_sdk","target":"dynamo_db","label":"Reads/Writes","layer":"neutral_border","weight":1,"comment":"State and Cost data"},{"id":"edge_03","source":"strands_sdk","target":"cw_logs","label":"Emits","layer":"neutral_border","weight":1,"comment":"Structured Logs (Reasoning)"},{"id":"edge_04","source":"strands_sdk","target":"cw_metrics","label":"Publishes","layer":"neutral_border","weight":1,"comment":"EMF Metrics (Tokens/Cost)"},{"id":"edge_05","source":"strands_sdk","target":"xray","label":"Traces","layer":"neutral_border","weight":1,"comment":"OTLP Spans"},{"id":"edge_06","source":"strands_sdk","target":"idp_api","label":"Calls","layer":"neutral_border","weight":1,"comment":"Extracts text from docs"},{"id":"edge_07","source":"strands_sdk","target":"whics_api","label":"Queries","layer":"neutral_border","weight":1,"comment":"Checks policy eligibility"},{"id":"edge_08","source":"strands_sdk","target":"provider_api","label":"Fetches","layer":"neutral_border","weight":1,"comment":"Gets medical history"},{"id":"edge_09","source":"strands_sdk","target":"s3_bucket","label":"Reads","layer":"neutral_border","weight":1,"comment":"Accesses raw documents"},{"id":"edge_10","source":"cw_logs","target":"med_docs","label":"Contains","layer":"warning","weight":1,"comment":"Risk of PII leakage if not redacted"},{"id":"edge_11","source":"cw_metrics","target":"cost_metrics","label":"Aggregates","layer":"information","weight":1,"comment":"Financial tracking"}],"layers":[],"annotations":null}