{
  "datasets": [
    {
      "originalId": 151,
      "name": "Data assets",
      "description": null,
      "filename": "data_assets_151.json",
      "fileFormat": "json",
      "nodeCount": 10,
      "edgeCount": 0,
      "layerCount": 0
    },
    {
      "originalId": 152,
      "name": "Systems and platforms",
      "description": null,
      "filename": "systems_and_platforms_152.json",
      "fileFormat": "json",
      "nodeCount": 17,
      "edgeCount": 0,
      "layerCount": 0
    },
    {
      "originalId": 153,
      "name": "Data flow",
      "description": null,
      "filename": "data_flow_153.json",
      "fileFormat": "json",
      "nodeCount": 0,
      "edgeCount": 11,
      "layerCount": 0
    },
    {
      "originalId": 154,
      "name": "CICD",
      "description": null,
      "filename": "cicd_154.json",
      "fileFormat": "json",
      "nodeCount": 12,
      "edgeCount": 6,
      "layerCount": 0
    }
  ]
}