{"name":"","nodes":[{"id":"sys_root","label":"Sample Systems Architecture","layer":"main_01","is_partition":true,"belongs_to":"","weight":1,"comment":"Root System Container"},{"id":"aws_cloud","label":"AWS Cloud Environment","layer":"main_02","is_partition":true,"belongs_to":"sys_root","weight":1,"comment":"The hosting environment"},{"id":"compute_layer","label":"Compute Layer","layer":"main_02","is_partition":true,"belongs_to":"aws_cloud","weight":1,"comment":"Execution environments"},{"id":"lambda_api","label":"FastAPI Lambda","layer":"main_03","is_partition":false,"belongs_to":"compute_layer","weight":1,"comment":"Entry point, Mangum adapter"},{"id":"agent_runtime","label":"AgentCore Runtime","layer":"main_03","is_partition":false,"belongs_to":"compute_layer","weight":1,"comment":"MicroVM, isolation, networking"},{"id":"strands_sdk","label":"Strands SDK","layer":"alt_03","is_partition":false,"belongs_to":"compute_layer","weight":1,"comment":"Python framework, Agent Loop"},{"id":"storage_layer","label":"Storage Layer","layer":"main_02","is_partition":true,"belongs_to":"aws_cloud","weight":1,"comment":"Persistence"},{"id":"dynamo_db","label":"DynamoDB","layer":"main_03","is_partition":false,"belongs_to":"storage_layer","weight":1,"comment":"Stores cost history, state"},{"id":"s3_bucket","label":"S3 Bucket","layer":"main_03","is_partition":false,"belongs_to":"storage_layer","weight":1,"comment":"Stores documents"},{"id":"observability_layer","label":"Observability Plane","layer":"main_02","is_partition":true,"belongs_to":"aws_cloud","weight":1,"comment":"Monitoring systems"},{"id":"cw_logs","label":"CloudWatch Logs","layer":"alt_02","is_partition":false,"belongs_to":"observability_layer","weight":1,"comment":"Ingests structured JSON logs"},{"id":"cw_metrics","label":"CloudWatch Metrics","layer":"alt_02","is_partition":false,"belongs_to":"observability_layer","weight":1,"comment":"Ingests EMF data"},{"id":"xray","label":"AWS X-Ray","layer":"alt_02","is_partition":false,"belongs_to":"observability_layer","weight":1,"comment":"Distributed tracing backend"},{"id":"external_systems","label":"External Systems","layer":"alt_01","is_partition":true,"belongs_to":"sys_root","weight":1,"comment":"Third-party dependencies"},{"id":"idp_api","label":"IDP API","layer":"main_03","is_partition":false,"belongs_to":"external_systems","weight":1,"comment":"Document processing"},{"id":"whics_api","label":"WHICS API","layer":"main_03","is_partition":false,"belongs_to":"external_systems","weight":1,"comment":"Policy system of record"},{"id":"provider_api","label":"Provider API","layer":"main_03","is_partition":false,"belongs_to":"external_systems","weight":1,"comment":"Medical records source"}],"edges":[],"layers":[],"annotations":null}
