{
  "layers": [
    {
      "originalId": 303,
      "layerId": "warning",
      "name": "warning",
      "backgroundColor": "#f7f7f8",
      "textColor": "#0f172a",
      "borderColor": "#1f2933",
      "alias": null,
      "sourceDatasetId": null,
      "enabled": true,
      "createdAt": "2025-12-15T01:04:18.990689Z",
      "updatedAt": "2025-12-15T01:04:18.990689Z"
    },
    {
      "originalId": 304,
      "layerId": "information",
      "name": "information",
      "backgroundColor": "#f7f7f8",
      "textColor": "#0f172a",
      "borderColor": "#1f2933",
      "alias": null,
      "sourceDatasetId": null,
      "enabled": true,
      "createdAt": "2025-12-15T01:04:18.992861Z",
      "updatedAt": "2025-12-15T01:04:18.992861Z"
    },
    {
      "originalId": 305,
      "layerId": "main_02",
      "name": "main_02",
      "backgroundColor": "#f7f7f8",
      "textColor": "#0f172a",
      "borderColor": "#1f2933",
      "alias": null,
      "sourceDatasetId": null,
      "enabled": true,
      "createdAt": "2025-12-15T01:04:18.994851Z",
      "updatedAt": "2025-12-15T01:04:18.994851Z"
    },
    {
      "originalId": 306,
      "layerId": "main_03",
      "name": "main_03",
      "backgroundColor": "#f7f7f8",
      "textColor": "#0f172a",
      "borderColor": "#1f2933",
      "alias": null,
      "sourceDatasetId": null,
      "enabled": true,
      "createdAt": "2025-12-15T01:04:18.997202Z",
      "updatedAt": "2025-12-15T01:04:18.997202Z"
    },
    {
      "originalId": 307,
      "layerId": "alt_03",
      "name": "alt_03",
      "backgroundColor": "#f7f7f8",
      "textColor": "#0f172a",
      "borderColor": "#1f2933",
      "alias": null,
      "sourceDatasetId": null,
      "enabled": true,
      "createdAt": "2025-12-15T01:04:18.999277Z",
      "updatedAt": "2025-12-15T01:04:18.999277Z"
    },
    {
      "originalId": 308,
      "layerId": "alt_01",
      "name": "alt_01",
      "backgroundColor": "#f7f7f8",
      "textColor": "#0f172a",
      "borderColor": "#1f2933",
      "alias": null,
      "sourceDatasetId": null,
      "enabled": true,
      "createdAt": "2025-12-15T01:04:19.001628Z",
      "updatedAt": "2025-12-15T01:04:19.001628Z"
    },
    {
      "originalId": 309,
      "layerId": "main_01",
      "name": "main_01",
      "backgroundColor": "#f7f7f8",
      "textColor": "#0f172a",
      "borderColor": "#1f2933",
      "alias": null,
      "sourceDatasetId": null,
      "enabled": true,
      "createdAt": "2025-12-15T01:04:19.005591Z",
      "updatedAt": "2025-12-15T01:04:19.005591Z"
    },
    {
      "originalId": 310,
      "layerId": "alt_02",
      "name": "alt_02",
      "backgroundColor": "#f7f7f8",
      "textColor": "#0f172a",
      "borderColor": "#1f2933",
      "alias": null,
      "sourceDatasetId": null,
      "enabled": true,
      "createdAt": "2025-12-15T01:04:19.008560Z",
      "updatedAt": "2025-12-15T01:04:19.008560Z"
    },
    {
      "originalId": 311,
      "layerId": "neutral_border",
      "name": "neutral_border",
      "backgroundColor": "#f7f7f8",
      "textColor": "#0f172a",
      "borderColor": "#1f2933",
      "alias": null,
      "sourceDatasetId": null,
      "enabled": true,
      "createdAt": "2025-12-15T01:04:33.848241Z",
      "updatedAt": "2025-12-15T01:04:33.848241Z"
    }
  ],
  "aliases": []
}