{
  "version": "12",
  "nodes": [
    {
      "id": "node_34287757468741d39ecd7062707df5c0",
      "node_type": "GraphArtefactNode",
      "position": {
        "x": 1070.0,
        "y": 380.0
      },
      "source_position": "right",
      "target_position": "left",
      "metadata": {
        "label": "Graph Artefact",
        "description": null
      },
      "config": "{\"graphConfig\":{},\"outputPath\":\"\",\"renderConfig\":{\"addNodeCommentsAsNotes\":false,\"applyLayers\":true,\"builtInStyles\":\"light\",\"containNodes\":true,\"layerSourceStyles\":[],\"notePosition\":\"left\",\"orientation\":\"TB\",\"targetOptions\":{\"graphviz\":{\"commentStyle\":\"label\",\"layout\":\"dot\",\"nodesep\":0.3,\"overlap\":false,\"ranksep\":1.3,\"splines\":true},\"mermaid\":{\"display\":\"full\",\"look\":\"default\"}},\"useEdgeWeight\":true,\"useNodeWeight\":true},\"renderTarget\":\"Mermaid\"}",
      "created_at": "2025-12-15T01:04:12.620517Z",
      "updated_at": "2025-12-15T01:04:12.620517Z",
      "dataset_execution": null,
      "graph_execution": null
    },
    {
      "id": "node_4ea779f8cb5e4e1b928345d7f5e863be",
      "node_type": "Merge",
      "position": {
        "x": 370.0,
        "y": 380.0
      },
      "source_position": "right",
      "target_position": "left",
      "metadata": {
        "label": "Merge",
        "description": ""
      },
      "config": "{\"conflictResolution\":\"PreferFirst\",\"mergeStrategy\":\"Union\"}",
      "created_at": "2025-12-15T01:04:12.620517Z",
      "updated_at": "2025-12-15T01:04:12.620517Z",
      "dataset_execution": null,
      "graph_execution": null
    },
    {
      "id": "node_9183a8d477bb4850b76db59d631d39b4",
      "node_type": "DataSet",
      "position": {
        "x": 20.0,
        "y": 380.0
      },
      "source_position": "right",
      "target_position": "left",
      "metadata": {
        "label": "Data assets",
        "description": null
      },
      "config": "{\"dataSetId\":151}",
      "created_at": "2025-12-15T01:04:12.620517Z",
      "updated_at": "2025-12-15T01:04:12.620517Z",
      "dataset_execution": {
        "data_set_id": 151,
        "filename": "data_assets_119.json",
        "status": "active",
        "processed_at": "2025-12-15T01:04:12.601545+00:00",
        "execution_state": "completed",
        "error_message": null
      },
      "graph_execution": null
    },
    {
      "id": "node_9f67aa8ec5164f96bad87b7397edff09",
      "node_type": "DataSet",
      "position": {
        "x": 20.0,
        "y": 560.0
      },
      "source_position": "right",
      "target_position": "left",
      "metadata": {
        "label": "Systems and platforms",
        "description": null
      },
      "config": "{\"dataSetId\":152}",
      "created_at": "2025-12-15T01:04:12.620517Z",
      "updated_at": "2025-12-15T01:04:12.620517Z",
      "dataset_execution": {
        "data_set_id": 152,
        "filename": "systems_and_platforms_120.json",
        "status": "active",
        "processed_at": "2025-12-15T01:04:12.608025+00:00",
        "execution_state": "completed",
        "error_message": null
      },
      "graph_execution": null
    },
    {
      "id": "node_a73caa3792b04cd1a790bf04479d3181",
      "node_type": "GraphArtefactNode",
      "position": {
        "x": 720.0,
        "y": 20.0
      },
      "source_position": "right",
      "target_position": "left",
      "metadata": {
        "label": "Graph Artefact",
        "description": null
      },
      "config": "{\"graphConfig\":{},\"outputPath\":\"\",\"renderConfig\":{\"addNodeCommentsAsNotes\":true,\"applyLayers\":true,\"builtInStyles\":\"light\",\"containNodes\":true,\"layerSourceStyles\":[],\"notePosition\":\"left\",\"orientation\":\"TB\",\"targetOptions\":{\"graphviz\":{\"commentStyle\":\"tooltip\",\"layout\":\"dot\",\"nodesep\":0.3,\"overlap\":false,\"ranksep\":1.3,\"splines\":true},\"mermaid\":{\"display\":\"full\",\"look\":\"default\"}},\"useEdgeWeight\":true,\"useNodeWeight\":true},\"renderTarget\":\"Mermaid\"}",
      "created_at": "2025-12-15T01:04:12.620517Z",
      "updated_at": "2025-12-15T01:04:12.620517Z",
      "dataset_execution": null,
      "graph_execution": null
    },
    {
      "id": "node_c14e24c735034669b3cce52c196bea4c",
      "node_type": "Graph",
      "position": {
        "x": 370.0,
        "y": 20.0
      },
      "source_position": "right",
      "target_position": "left",
      "metadata": {
        "label": "Graph",
        "description": ""
      },
      "config": "{\"metadata\":{}}",
      "created_at": "2025-12-15T01:04:12.620517Z",
      "updated_at": "2025-12-15T01:04:12.620517Z",
      "dataset_execution": null,
      "graph_execution": {
        "graph_id": 1001022,
        "graph_data_id": 1001022,
        "node_count": 12,
        "edge_count": 6,
        "execution_state": "completed",
        "computed_date": "2025-12-15T01:04:33.906705+00:00",
        "error_message": null,
        "annotations": null
      }
    },
    {
      "id": "node_d06b26c820ad46b696130b6d0f2742e6",
      "node_type": "DataSet",
      "position": {
        "x": 20.0,
        "y": 20.0
      },
      "source_position": "right",
      "target_position": "left",
      "metadata": {
        "label": "CICD",
        "description": null
      },
      "config": "{\"dataSetId\":154}",
      "created_at": "2025-12-15T01:04:12.620517Z",
      "updated_at": "2025-12-15T01:04:12.620517Z",
      "dataset_execution": {
        "data_set_id": 154,
        "filename": "cicd_122.json",
        "status": "active",
        "processed_at": "2025-12-15T01:04:12.616871+00:00",
        "execution_state": "completed",
        "error_message": null
      },
      "graph_execution": null
    },
    {
      "id": "node_de3000c50ec84c078549cc5daae72c0c",
      "node_type": "Graph",
      "position": {
        "x": 720.0,
        "y": 380.0
      },
      "source_position": "right",
      "target_position": "left",
      "metadata": {
        "label": "Graph",
        "description": ""
      },
      "config": "{\"metadata\":{}}",
      "created_at": "2025-12-15T01:04:12.620517Z",
      "updated_at": "2025-12-15T01:04:12.620517Z",
      "dataset_execution": null,
      "graph_execution": {
        "graph_id": 1001020,
        "graph_data_id": 1001020,
        "node_count": 27,
        "edge_count": 0,
        "execution_state": "completed",
        "computed_date": "2025-12-15T01:04:19.073661+00:00",
        "error_message": null,
        "annotations": null
      }
    },
    {
      "id": "node_ee489c6d64054c019e90a2532477929d",
      "node_type": "DataSet",
      "position": {
        "x": 20.0,
        "y": 200.0
      },
      "source_position": "right",
      "target_position": "left",
      "metadata": {
        "label": "Data flow",
        "description": null
      },
      "config": "{\"dataSetId\":153}",
      "created_at": "2025-12-15T01:04:12.620517Z",
      "updated_at": "2025-12-15T01:04:12.620517Z",
      "dataset_execution": {
        "data_set_id": 153,
        "filename": "data_flow_121.json",
        "status": "active",
        "processed_at": "2025-12-15T01:04:12.612502+00:00",
        "execution_state": "completed",
        "error_message": null
      },
      "graph_execution": null
    },
    {
      "id": "merge_fa845716dbb9",
      "node_type": "Merge",
      "position": {
        "x": 822.62,
        "y": 688.7774999999999
      },
      "source_position": null,
      "target_position": null,
      "metadata": {
        "label": "Merge",
        "description": ""
      },
      "config": "{\"conflictResolution\":\"PreferFirst\",\"mergeStrategy\":\"Union\"}",
      "created_at": "2025-12-15T01:04:44.975900Z",
      "updated_at": "2025-12-15T01:04:44.975900Z",
      "dataset_execution": null,
      "graph_execution": null
    },
    {
      "id": "graph_d068e6df33bd",
      "node_type": "Graph",
      "position": {
        "x": 1071.05,
        "y": 736.5524999999999
      },
      "source_position": null,
      "target_position": null,
      "metadata": {
        "label": "The lot",
        "description": null
      },
      "config": "{\"metadata\":{}}",
      "created_at": "2025-12-15T01:04:52.197694Z",
      "updated_at": "2025-12-15T01:05:02.502885Z",
      "dataset_execution": null,
      "graph_execution": {
        "graph_id": 1001024,
        "graph_data_id": 1001024,
        "node_count": 39,
        "edge_count": 6,
        "execution_state": "completed",
        "computed_date": "2025-12-15T01:05:11.580559+00:00",
        "error_message": null,
        "annotations": null
      }
    },
    {
      "id": "graphartefact_4efd70518cc2",
      "node_type": "GraphArtefactNode",
      "position": {
        "x": 1381.521118842565,
        "y": 767.5588503108426
      },
      "source_position": null,
      "target_position": null,
      "metadata": {
        "label": "Graph Artefact",
        "description": ""
      },
      "config": "{\"graphConfig\":{},\"outputPath\":\"\",\"renderConfig\":{\"applyLayers\":true,\"builtInStyles\":\"light\",\"containNodes\":true,\"orientation\":\"TB\",\"targetOptions\":{\"graphviz\":{\"commentStyle\":\"label\",\"layout\":\"dot\",\"nodesep\":0.3,\"overlap\":false,\"ranksep\":1.3,\"splines\":true},\"mermaid\":{\"display\":\"full\",\"look\":\"default\"}},\"useEdgeWeight\":true,\"useNodeWeight\":true},\"renderTarget\":\"DOT\"}",
      "created_at": "2025-12-15T01:05:08.993077Z",
      "updated_at": "2025-12-15T01:05:08.993077Z",
      "dataset_execution": null,
      "graph_execution": null
    }
  ],
  "edges": [
    {
      "id": "edge_49468003167c432bb6261c8c3cca3275",
      "source": "node_4ea779f8cb5e4e1b928345d7f5e863be",
      "target": "node_de3000c50ec84c078549cc5daae72c0c",
      "metadata": {
        "label": "Data",
        "data_type": "GraphData"
      },
      "created_at": "2025-12-15T01:04:12.620517Z",
      "updated_at": "2025-12-15T01:04:12.620517Z"
    },
    {
      "id": "edge_4fab29b6f25642d09bb329c9f1e351c7",
      "source": "node_de3000c50ec84c078549cc5daae72c0c",
      "target": "node_34287757468741d39ecd7062707df5c0",
      "metadata": {
        "label": "Graph Ref",
        "data_type": "GraphReference"
      },
      "created_at": "2025-12-15T01:04:12.620517Z",
      "updated_at": "2025-12-15T01:04:12.620517Z"
    },
    {
      "id": "edge_54ba9b58ccf646d8aa71c25e243b14dc",
      "source": "node_ee489c6d64054c019e90a2532477929d",
      "target": "node_4ea779f8cb5e4e1b928345d7f5e863be",
      "metadata": {
        "label": "Data",
        "data_type": "GraphData"
      },
      "created_at": "2025-12-15T01:04:12.620517Z",
      "updated_at": "2025-12-15T01:04:12.620517Z"
    },
    {
      "id": "edge_5bfa1251223e43c8a37e1b2801467b5e",
      "source": "node_9f67aa8ec5164f96bad87b7397edff09",
      "target": "node_4ea779f8cb5e4e1b928345d7f5e863be",
      "metadata": {
        "label": "Data",
        "data_type": "GraphData"
      },
      "created_at": "2025-12-15T01:04:12.620517Z",
      "updated_at": "2025-12-15T01:04:12.620517Z"
    },
    {
      "id": "edge_621f03aef5b4463c9c68da534d1994e2",
      "source": "node_9183a8d477bb4850b76db59d631d39b4",
      "target": "node_4ea779f8cb5e4e1b928345d7f5e863be",
      "metadata": {
        "label": "Data",
        "data_type": "GraphData"
      },
      "created_at": "2025-12-15T01:04:12.620517Z",
      "updated_at": "2025-12-15T01:04:12.620517Z"
    },
    {
      "id": "edge_b17b7d7cac23414a90557bdeb2fa0f8b",
      "source": "node_d06b26c820ad46b696130b6d0f2742e6",
      "target": "node_c14e24c735034669b3cce52c196bea4c",
      "metadata": {
        "label": "Data",
        "data_type": "GraphData"
      },
      "created_at": "2025-12-15T01:04:12.620517Z",
      "updated_at": "2025-12-15T01:04:12.620517Z"
    },
    {
      "id": "edge_e30fa1a9711b428c9d156ccb83c68dc2",
      "source": "node_c14e24c735034669b3cce52c196bea4c",
      "target": "node_a73caa3792b04cd1a790bf04479d3181",
      "metadata": {
        "label": "Graph Ref",
        "data_type": "GraphReference"
      },
      "created_at": "2025-12-15T01:04:12.620517Z",
      "updated_at": "2025-12-15T01:04:12.620517Z"
    },
    {
      "id": "edge_580a71449f8c",
      "source": "node_c14e24c735034669b3cce52c196bea4c",
      "target": "merge_fa845716dbb9",
      "metadata": {
        "label": "Graph Ref",
        "data_type": "GraphReference"
      },
      "created_at": "2025-12-15T01:04:47.384041Z",
      "updated_at": "2025-12-15T01:04:47.384041Z"
    },
    {
      "id": "edge_cb343a84894b",
      "source": "node_4ea779f8cb5e4e1b928345d7f5e863be",
      "target": "merge_fa845716dbb9",
      "metadata": {
        "label": "Data",
        "data_type": "GraphData"
      },
      "created_at": "2025-12-15T01:04:49.555268Z",
      "updated_at": "2025-12-15T01:04:49.555268Z"
    },
    {
      "id": "edge_633da1644298",
      "source": "merge_fa845716dbb9",
      "target": "graph_d068e6df33bd",
      "metadata": {
        "label": "Data",
        "data_type": "GraphData"
      },
      "created_at": "2025-12-15T01:04:52.211119Z",
      "updated_at": "2025-12-15T01:04:52.211119Z"
    },
    {
      "id": "edge_18c1c12a1f55",
      "source": "graph_d068e6df33bd",
      "target": "graphartefact_4efd70518cc2",
      "metadata": {
        "label": "Graph Ref",
        "data_type": "GraphReference"
      },
      "created_at": "2025-12-15T01:05:09.009510Z",
      "updated_at": "2025-12-15T01:05:09.009510Z"
    }
  ],
  "metadata": {
    "version": "12",
    "name": "Main plan",
    "description": null,
    "created": "2025-12-15T01:04:12.618660+00:00",
    "last_modified": "2025-12-15T01:05:09.013461+00:00",
    "author": null
  }
}